"1","1","long","298650","market","2021-04-18 00:33:00","59730.5","2021-04-18 00:33:00","market","2021-04-18 01:43:00","59761.0","2021-04-18 01:43:00","0.00000000","profit","30.5","0.00255181","0.3","1.00255181","0.00255181","0","0","0","0.0","1,2"
"2","1","short","301410","market","2021-04-18 01:44:00","60282.4","2021-04-18 01:44:00","market","2021-04-18 02:02:00","59440.0","2021-04-18 02:02:00","0.00000000","profit","842.4","0.07085717","7.1","1.07340898","0.07340898","7","0","0","0.0","1,2"
"3","1","long","297070","market","2021-04-18 02:03:00","59414.5","2021-04-18 02:03:00","market","2021-04-18 04:01:00","55265.5","2021-04-18 04:01:00","0.00000000","loss","-4149.0","-0.37536665","-35.0","0.69804233","-0.30195767","-30","-30","0","0.0","1,2"
"4","1","short","276310","market","2021-04-18 04:02:00","55262.2","2021-04-18 04:02:00","market","2021-04-18 04:59:00","54935.5","2021-04-18 04:59:00","0.00000000","profit","326.7","0.02973024","4.3","0.72777257","-0.27222743","-27","-30","0","0.0","1,2"
"5","1","short","281250","market","2021-04-18 05:17:00","56250.4","2021-04-18 05:17:00","market","2021-04-18 06:42:00","55878.0","2021-04-18 06:42:00","0.00000000","profit","372.4","0.03332547","4.6","0.76109804","-0.23890196","-24","-30","0","0.0","1,2"
"6","1","long","278400","market","2021-04-18 06:45:00","55680.0","2021-04-18 06:45:00","market","2021-04-18 07:10:00","56213.0","2021-04-18 07:10:00","0.00000000","profit","533.0","0.04740896","6.2","0.80850700","-0.19149300","-19","-30","0","0.0","1,2"
"7","1","short","283730","market","2021-04-18 07:11:00","56746.3","2021-04-18 07:11:00","market","2021-04-18 07:53:00","56400.0","2021-04-18 07:53:00","0.00000000","profit","346.3","0.03070416","3.8","0.83921116","-0.16078884","-16","-30","0","0.0","1,2"
"8","1","long","282210","market","2021-04-18 07:54:00","56442.0","2021-04-18 07:54:00","market","2021-04-18 08:33:00","56265.0","2021-04-18 08:33:00","0.00000000","loss","-177.0","-0.01572914","-1.9","0.82348202","-0.17651798","-18","-30","0","0.0","1,2"
"9","1","short","284500","market","2021-04-18 08:34:00","56899.4","2021-04-18 08:34:00","market","2021-04-18 08:55:00","55348.5","2021-04-18 08:55:00","0.00000000","profit","1550.9","0.14010113","17.0","0.96358315","-0.03641685","-4","-30","0","0.0","1,2"
"10","1","long","276500","market","2021-04-18 08:57:00","55299.5","2021-04-18 08:57:00","market","2021-04-18 10:14:00","55350.5","2021-04-18 10:14:00","0.00000000","profit","51.0","0.00460705","0.5","0.96819020","-0.03180980","-3","-30","0","0.0","1,2"
"11","1","short","279330","market","2021-04-18 10:16:00","55865.1","2021-04-18 10:16:00","market","2021-04-18 10:32:00","55124.0","2021-04-18 10:32:00","0.00000000","profit","741.1","0.06722405","6.9","1.03541424","0.03541424","4","-30","0","0.0","1,2"
"12","1","long","275250","market","2021-04-18 10:33:00","55050.0","2021-04-18 10:33:00","market","2021-04-18 12:14:00","54039.5","2021-04-18 12:14:00","0.00000000","loss","-1010.5","-0.09349642","-9.0","0.94191782","-0.05808218","-6","-30","0","0.0","1,2"
"13","1","short","272660","market","2021-04-18 12:15:00","54531.4","2021-04-18 12:15:00","market","2021-04-18 15:05:00","55329.5","2021-04-18 15:05:00","0.00000000","loss","-798.1","-0.07212188","-7.7","0.86979594","-0.13020406","-13","-30","0","0.0","1,2"
"14","1","long","276220","market","2021-04-18 15:06:00","55244.0","2021-04-18 15:06:00","market","2021-04-18 15:23:00","55449.0","2021-04-18 15:23:00","0.00000000","profit","205.0","0.01848546","2.1","0.88828139","-0.11171861","-11","-30","0","0.0","1,2"
"15","1","short","280230","market","2021-04-18 15:24:00","56045.9","2021-04-18 15:24:00","market","2021-04-18 15:44:00","55105.0","2021-04-18 15:44:00","0.00000000","profit","940.9","0.08537442","9.6","0.97365581","-0.02634419","-3","-30","0","0.0","1,2"
"16","1","long","275630","market","2021-04-18 15:45:00","55125.5","2021-04-18 15:45:00","market","2021-04-18 16:05:00","55586.5","2021-04-18 16:05:00","0.00000000","profit","461.0","0.04146728","4.3","1.01512309","0.01512309","2","-30","0","0.0","1,2"
"17","1","short","281210","market","2021-04-18 16:06:00","56242.4","2021-04-18 16:06:00","market","2021-04-18 16:50:00","55590.0","2021-04-18 16:50:00","0.00000000","profit","652.4","0.05867520","5.8","1.07379829","0.07379829","7","-30","0","0.0","1,2"
"18","1","long","278020","market","2021-04-18 16:51:00","55604.5","2021-04-18 16:51:00","market","2021-04-18 17:13:00","55611.0","2021-04-18 17:13:00","0.00000000","profit","6.5","0.00058441","0.1","1.07438270","0.07438270","7","-30","0","0.0","1,2"
"19","1","long","276840","market","2021-04-18 17:29:00","55367.5","2021-04-18 17:29:00","market","2021-04-18 18:45:00","55373.0","2021-04-18 18:45:00","0.00000000","profit","5.5","0.00049664","0.0","1.07487934","0.07487934","7","-30","0","0.0","1,2"
"20","1","short","281240","market","2021-04-18 18:55:00","56247.4","2021-04-18 18:55:00","market","2021-04-18 19:18:00","55654.5","2021-04-18 19:18:00","0.00000000","profit","592.9","0.05326715","5.0","1.12814649","0.12814649","13","-30","0","0.0","1,2"
"21","1","long","278020","market","2021-04-18 19:19:00","55604.5","2021-04-18 19:19:00","market","2021-04-18 19:34:00","55740.0","2021-04-18 19:34:00","0.00000000","profit","135.5","0.01215454","1.1","1.14030102","0.14030102","14","-30","0","0.0","1,2"
"22","1","short","281280","market","2021-04-18 19:35:00","56257.0","2021-04-18 19:35:00","market","2021-04-18 21:19:00","56151.0","2021-04-18 21:19:00","0.00000000","profit","106.0","0.00943867","0.8","1.14973969","0.14973969","15","-30","0","0.0","1,2"
"23","1","long","280870","market","2021-04-18 21:20:00","56174.0","2021-04-18 21:20:00","market","2021-04-18 22:07:00","56465.0","2021-04-18 22:07:00","0.00000000","profit","291.0","0.02576817","2.2","1.17550787","0.17550787","18","-30","0","0.0","1,2"
"24","1","short","285320","market","2021-04-18 22:08:00","57065.0","2021-04-18 22:08:00","market","2021-04-18 22:24:00","56346.5","2021-04-18 22:24:00","0.00000000","profit","718.5","0.06375617","5.4","1.23926404","0.23926404","24","-30","0","0.0","1,2"
"25","1","long","282100","market","2021-04-18 22:25:00","56420.5","2021-04-18 22:25:00","market","2021-04-18 22:39:00","56580.5","2021-04-18 22:39:00","0.00000000","profit","160.0","0.01413902","1.1","1.25340306","0.25340306","25","-30","0","0.0","1,2"
"26","1","short","285880","market","2021-04-18 22:40:00","57176.1","2021-04-18 22:40:00","market","2021-04-18 23:09:00","56626.0","2021-04-18 23:09:00","0.00000000","profit","550.1","0.04857301","3.9","1.30197607","0.30197607","30","-30","0","0.0","1,2"
"27","0","long","283430","market","2021-04-18 23:10:00","56685.5","2021-04-18 23:10:00","market","2021-04-19 00:31:00","56141.5","2021-04-19 00:31:00","0.00000000","loss","-544.0","-0.04844944","-3.7","1.25352663","-0.04844944","-5","-5","0","0.0","1,2"
"28","1","short","283640","market","2021-04-19 00:32:00","56727.7","2021-04-19 00:32:00","market","2021-04-19 01:50:00","56911.0","2021-04-19 01:50:00","0.00000000","loss","-183.3","-0.01610770","-1.3","1.23741893","-0.06455714","-6","-6","0","0.0","1,2"
"29","1","long","284770","market","2021-04-19 01:51:00","56954.5","2021-04-19 01:51:00","market","2021-04-19 02:41:00","57142.5","2021-04-19 02:41:00","0.00000000","profit","188.0","0.01644996","1.3","1.25386889","-0.04810718","-5","-6","0","0.0","1,2"
"30","1","short","288560","market","2021-04-19 02:42:00","57711.4","2021-04-19 02:42:00","market","2021-04-19 03:07:00","56932.0","2021-04-19 03:07:00","0.00000000","profit","779.4","0.06845079","5.5","1.32231968","0.02034361","2","-6","0","0.0","1,2"
"31","1","long","284690","market","2021-04-19 03:08:00","56938.0","2021-04-19 03:08:00","market","2021-04-19 03:42:00","57091.0","2021-04-19 03:42:00","0.00000000","profit","153.0","0.01339966","1.0","1.33571934","0.03374327","3","-6","0","0.0","1,2"
"32","1","short","289460","market","2021-04-19 03:53:00","57891.7","2021-04-19 03:53:00","market","2021-04-19 04:10:00","57131.0","2021-04-19 04:10:00","0.00000000","profit","760.7","0.06657411","5.0","1.40229345","0.10031739","10","-6","0","0.0","1,2"
"33","1","long","285760","market","2021-04-19 04:11:00","57151.0","2021-04-19 04:11:00","market","2021-04-19 05:05:00","56983.0","2021-04-19 05:05:00","0.00000000","loss","-168.0","-0.01474150","-1.1","1.38755196","0.08557589","9","-6","0","0.0","1,2"
"34","1","short","287220","market","2021-04-19 05:06:00","57444.3","2021-04-19 05:06:00","market","2021-04-19 05:23:00","56640.5","2021-04-19 05:23:00","0.00000000","profit","803.8","0.07095201","5.1","1.45850396","0.15652790","16","-6","0","0.0","1,2"
"35","1","long","282780","market","2021-04-19 05:25:00","56556.0","2021-04-19 05:25:00","market","2021-04-19 05:44:00","56793.0","2021-04-19 05:44:00","0.00000000","profit","237.0","0.02086525","1.4","1.47936921","0.17739314","18","-6","0","0.0","1,2"
"36","1","short","287410","market","2021-04-19 05:49:00","57482.1","2021-04-19 05:49:00","market","2021-04-19 06:03:00","56709.0","2021-04-19 06:03:00","0.00000000","profit","773.1","0.06816627","4.6","1.54753548","0.24555942","25","-6","0","0.0","1,2"
"37","1","long","283750","market","2021-04-19 06:06:00","56749.5","2021-04-19 06:06:00","market","2021-04-19 06:22:00","56929.5","2021-04-19 06:22:00","0.00000000","profit","180.0","0.01580917","1.0","1.56334465","0.26136858","26","-6","0","0.0","1,2"
"38","1","short","287400","market","2021-04-19 06:23:00","57480.1","2021-04-19 06:23:00","market","2021-04-19 07:26:00","57227.5","2021-04-19 07:26:00","0.00000000","profit","252.6","0.02207064","1.4","1.58541529","0.28343923","28","-6","0","0.0","1,2"
"39","1","long","286000","market","2021-04-19 07:27:00","57199.0","2021-04-19 07:27:00","market","2021-04-19 07:40:00","57363.0","2021-04-19 07:40:00","0.00000000","profit","164.0","0.01429518","0.9","1.59971047","0.29773440","30","-6","0","0.0","1,2"
"40","1","short","289590","market","2021-04-19 07:41:00","57917.4","2021-04-19 07:41:00","market","2021-04-19 08:17:00","57289.5","2021-04-19 08:17:00","0.00000000","profit","627.9","0.05480464","3.4","1.65451511","0.35253904","35","-6","0","0.0","1,2"
"41","1","long","286030","market","2021-04-19 08:20:00","57206.5","2021-04-19 08:20:00","market","2021-04-19 09:40:00","57098.5","2021-04-19 09:40:00","0.00000000","loss","-108.0","-0.00945726","-0.6","1.64505785","0.34308178","34","-6","0","0.0","1,2"
"42","1","short","288280","market","2021-04-19 09:41:00","57656.4","2021-04-19 09:41:00","market","2021-04-19 10:01:00","56854.0","2021-04-19 10:01:00","0.00000000","profit","802.4","0.07056232","4.3","1.71562017","0.41364411","41","-6","0","0.0","1,2"
"43","1","long","283820","market","2021-04-19 10:02:00","56765.0","2021-04-19 10:02:00","market","2021-04-19 11:18:00","57034.5","2021-04-19 11:18:00","0.00000000","profit","269.5","0.02362563","1.4","1.73924581","0.43726974","44","-6","0","0.0","1,2"
"44","1","short","287940","market","2021-04-19 11:19:00","57587.2","2021-04-19 11:19:00","market","2021-04-19 12:41:00","56920.0","2021-04-19 12:41:00","0.00000000","profit","667.2","0.05860678","3.4","1.79785259","0.49587652","50","-6","0","0.0","1,2"
"45","1","long","283980","market","2021-04-19 12:46:00","56795.5","2021-04-19 12:46:00","market","2021-04-19 13:46:00","56703.5","2021-04-19 13:46:00","0.00000000","loss","-92.0","-0.00811245","-0.5","1.78974014","0.48776408","49","-6","0","0.0","1,2"
"46","1","short","285980","market","2021-04-19 13:47:00","57196.3","2021-04-19 13:47:00","market","2021-04-19 14:12:00","56372.0","2021-04-19 14:12:00","0.00000000","profit","824.3","0.07311215","4.1","1.86285230","0.56087623","56","-6","0","0.0","1,2"
"47","1","long","281470","market","2021-04-19 14:13:00","56294.0","2021-04-19 14:13:00","market","2021-04-19 16:12:00","55202.0","2021-04-19 16:12:00","0.00000000","loss","-1092.0","-0.09890946","-5.3","1.76394284","0.46196677","46","-6","0","0.0","1,2"
"48","1","short","279130","market","2021-04-19 16:13:00","55825.7","2021-04-19 16:13:00","market","2021-04-19 16:59:00","54924.0","2021-04-19 16:59:00","0.00000000","profit","901.7","0.08208928","4.7","1.84603212","0.54405606","54","-6","0","0.0","1,2"
"49","1","long","274620","market","2021-04-19 17:00:00","54923.0","2021-04-19 17:00:00","market","2021-04-19 17:22:00","55368.0","2021-04-19 17:22:00","0.00000000","profit","445.0","0.04018640","2.2","1.88621852","0.58424246","58","-6","0","0.0","1,2"
"50","1","short","279510","market","2021-04-19 17:24:00","55902.5","2021-04-19 17:24:00","market","2021-04-19 19:39:00","55717.0","2021-04-19 19:39:00","0.00000000","profit","185.5","0.01664558","0.9","1.90286410","0.60088804","60","-6","0","0.0","1,2"
"51","1","long","278930","market","2021-04-19 19:40:00","55786.0","2021-04-19 19:40:00","market","2021-04-19 19:56:00","56050.5","2021-04-19 19:56:00","0.00000000","profit","264.5","0.02359479","1.2","1.92645890","0.62448283","62","-6","0","0.0","1,2"
"52","1","short","283110","market","2021-04-19 19:57:00","56622.1","2021-04-19 19:57:00","market","2021-04-19 21:04:00","56230.0","2021-04-19 21:04:00","0.00000000","profit","392.1","0.03486699","1.8","1.96132589","0.65934982","66","-6","0","0.0","1,2"
"53","1","long","281300","market","2021-04-19 21:05:00","56259.5","2021-04-19 21:05:00","market","2021-04-19 21:50:00","56456.0","2021-04-19 21:50:00","0.00000000","profit","196.5","0.01740309","0.9","1.97872898","0.67675291","68","-6","0","0.0","1,2"
"54","1","short","285150","market","2021-04-19 21:51:00","57030.2","2021-04-19 21:51:00","market","2021-04-19 22:10:00","56149.0","2021-04-19 22:10:00","0.00000000","profit","881.2","0.07846557","4.0","2.05719454","0.75521848","76","-6","0","0.0","1,2"
"55","1","long","280350","market","2021-04-19 22:12:00","56070.5","2021-04-19 22:12:00","market","2021-04-19 22:40:00","56292.0","2021-04-19 22:40:00","0.00000000","profit","221.5","0.01967402","1.0","2.07686857","0.77489250","77","-6","0","0.0","1,2"
"56","1","short","284000","market","2021-04-19 22:41:00","56800.9","2021-04-19 22:41:00","market","2021-04-19 22:53:00","56179.5","2021-04-19 22:53:00","0.00000000","profit","621.4","0.05530267","2.7","2.13217124","0.83019518","83","-6","0","0.0","1,2"
"57","1","long","280770","market","2021-04-19 22:55:00","56154.0","2021-04-19 22:55:00","market","2021-04-19 23:51:00","55805.5","2021-04-19 23:51:00","0.00000000","loss","-348.5","-0.03122452","-1.5","2.10094672","0.79897065","80","-6","0","0.0","1,2"
"58","0","short","281450","market","2021-04-19 23:52:00","56289.3","2021-04-19 23:52:00","market","2021-04-20 00:11:00","55470.0","2021-04-20 00:11:00","0.00000000","profit","819.3","0.07385343","3.5","2.17480015","0.07385343","7","7","0","0.0","1,2"
"59","1","long","276820","market","2021-04-20 00:12:00","55364.0","2021-04-20 00:12:00","market","2021-04-20 01:19:00","55102.5","2021-04-20 01:19:00","0.00000000","loss","-261.5","-0.02372851","-1.1","2.15107164","0.05012492","5","5","0","0.0","1,2"
"60","1","short","278030","market","2021-04-20 01:20:00","55605.6","2021-04-20 01:20:00","market","2021-04-20 01:37:00","55026.5","2021-04-20 01:37:00","0.00000000","profit","579.1","0.05261598","2.4","2.20368762","0.10274090","10","5","0","0.0","1,2"
"61","1","long","275130","market","2021-04-20 01:38:00","55026.5","2021-04-20 01:38:00","market","2021-04-20 03:10:00","54225.0","2021-04-20 03:10:00","0.00000000","loss","-801.5","-0.07390435","-3.4","2.12978327","0.02883655","3","3","0","0.0","1,2"
"62","1","short","274720","market","2021-04-20 03:17:00","54944.0","2021-04-20 03:17:00","market","2021-04-20 05:31:00","55100.0","2021-04-20 05:31:00","0.00000000","loss","-156.0","-0.01415608","-0.7","2.11562719","0.01468047","1","1","0","0.0","1,2"
"63","1","long","275670","market","2021-04-20 05:32:00","55134.0","2021-04-20 05:32:00","market","2021-04-20 06:05:00","55082.0","2021-04-20 06:05:00","0.00000000","loss","-52.0","-0.00472024","-0.2","2.11090695","0.00996023","1","1","0","0.0","1,2"
"64","1","long","274600","market","2021-04-20 06:21:00","54921.0","2021-04-20 06:21:00","market","2021-04-20 07:18:00","54129.0","2021-04-20 07:18:00","0.00000000","loss","-792.0","-0.07315723","-3.5","2.03774972","-0.06319700","-6","-6","0","0.0","1,2"
"65","1","short","273190","market","2021-04-20 07:19:00","54638.0","2021-04-20 07:19:00","market","2021-04-20 07:41:00","53652.5","2021-04-20 07:41:00","0.00000000","profit","985.5","0.09183827","4.5","2.12958799","0.02864127","3","-6","0","0.0","1,2"
"66","1","long","268550","market","2021-04-20 07:42:00","53709.5","2021-04-20 07:42:00","market","2021-04-20 08:01:00","54371.5","2021-04-20 08:01:00","0.00000000","profit","662.0","0.06087805","2.9","2.19046604","0.08951932","9","-6","0","0.0","1,2"
"67","1","short","274600","market","2021-04-20 08:02:00","54920.8","2021-04-20 08:02:00","market","2021-04-20 09:59:00","54988.5","2021-04-20 09:59:00","0.00000000","loss","-67.7","-0.00615847","-0.3","2.18430756","0.08336084","8","-6","0","0.0","1,2"
"68","1","long","274780","market","2021-04-20 10:00:00","54955.5","2021-04-20 10:00:00","market","2021-04-20 10:15:00","55153.5","2021-04-20 10:15:00","0.00000000","profit","198.0","0.01795007","0.8","2.20225763","0.10131091","10","-6","0","0.0","1,2"
"69","1","short","278760","market","2021-04-20 10:16:00","55752.5","2021-04-20 10:16:00","market","2021-04-20 11:13:00","55952.5","2021-04-20 11:13:00","0.00000000","loss","-200.0","-0.01787169","-0.8","2.18438594","0.08343922","8","-6","0","0.0","1,2"
"70","1","short","284010","market","2021-04-20 12:01:00","56802.4","2021-04-20 12:01:00","market","2021-04-20 12:18:00","55964.5","2021-04-20 12:18:00","0.00000000","profit","837.9","0.07485943","3.4","2.25924537","0.15829865","16","-6","0","0.0","1,2"
"71","1","long","279940","market","2021-04-20 12:19:00","55987.5","2021-04-20 12:19:00","market","2021-04-20 12:44:00","55991.0","2021-04-20 12:44:00","0.00000000","profit","3.5","0.00031255","0.0","2.25955792","0.15861120","16","-6","0","0.0","1,2"
"72","1","short","282270","market","2021-04-20 12:45:00","56453.4","2021-04-20 12:45:00","market","2021-04-20 14:26:00","56158.0","2021-04-20 14:26:00","0.00000000","profit","295.4","0.02630506","1.2","2.28586298","0.18491626","18","-6","0","0.0","1,2"
"73","1","long","280870","market","2021-04-20 14:27:00","56173.5","2021-04-20 14:27:00","market","2021-04-20 16:00:00","55404.5","2021-04-20 16:00:00","0.00000000","loss","-769.0","-0.06939931","-3.0","2.21646366","0.11551694","12","-6","0","0.0","1,2"
"74","1","short","280220","market","2021-04-20 16:01:00","56043.9","2021-04-20 16:01:00","market","2021-04-20 16:41:00","55399.5","2021-04-20 16:41:00","0.00000000","profit","644.4","0.05815858","2.6","2.27462225","0.17367553","17","-6","0","0.0","1,2"
"75","1","long","276540","market","2021-04-20 16:46:00","55308.0","2021-04-20 16:46:00","market","2021-04-20 17:09:00","55850.0","2021-04-20 17:09:00","0.00000000","profit","542.0","0.04852283","2.1","2.32314508","0.22219835","22","-6","0","0.0","1,2"
"76","1","short","282080","market","2021-04-20 17:10:00","56416.1","2021-04-20 17:10:00","market","2021-04-20 17:30:00","55787.0","2021-04-20 17:30:00","0.00000000","profit","629.1","0.05638179","2.4","2.37952686","0.27858014","28","-6","0","0.0","1,2"
"77","1","long","278690","market","2021-04-20 17:32:00","55738.5","2021-04-20 17:32:00","market","2021-04-20 18:00:00","55963.0","2021-04-20 18:00:00","0.00000000","profit","224.5","0.02005772","0.8","2.39958458","0.29863786","30","-6","0","0.0","1,2"
"78","1","short","282040","market","2021-04-20 18:01:00","56407.5","2021-04-20 18:01:00","market","2021-04-20 20:07:00","56613.5","2021-04-20 20:07:00","0.00000000","loss","-206.0","-0.01819459","-0.8","2.38138999","0.28044327","28","-6","0","0.0","1,2"
"79","1","long","282810","market","2021-04-20 20:08:00","56561.5","2021-04-20 20:08:00","market","2021-04-20 20:27:00","56867.5","2021-04-20 20:27:00","0.00000000","profit","306.0","0.02690488","1.1","2.40829488","0.30734816","31","-6","0","0.0","1,2"
"80","1","short","286510","market","2021-04-20 20:28:00","57302.4","2021-04-20 20:28:00","market","2021-04-20 21:33:00","56613.0","2021-04-20 21:33:00","0.00000000","profit","689.3","0.06088229","2.5","2.46917716","0.36823044","37","-6","0","0.0","1,2"
"81","1","long","283220","market","2021-04-20 21:34:00","56645.0","2021-04-20 21:34:00","market","2021-04-20 21:54:00","56756.5","2021-04-20 21:54:00","0.00000000","profit","111.5","0.00982249","0.4","2.47899965","0.37805293","38","-6","0","0.0","1,2"
"82","1","short","288200","market","2021-04-20 22:03:00","57639.2","2021-04-20 22:03:00","market","2021-04-20 22:27:00","56635.0","2021-04-20 22:27:00","0.00000000","profit","1004.2","0.08865535","3.6","2.56765501","0.46670829","47","-6","0","0.0","1,2"
"83","1","long","283140","market","2021-04-20 22:28:00","56629.0","2021-04-20 22:28:00","market","2021-04-20 23:10:00","56446.0","2021-04-20 23:10:00","0.00000000","loss","-183.0","-0.01620990","-0.6","2.55144511","0.45049839","45","-6","0","0.0","1,2"
"84","1","short","284910","market","2021-04-20 23:11:00","56981.7","2021-04-20 23:11:00","market","2021-04-20 23:55:00","56425.5","2021-04-20 23:55:00","0.00000000","profit","556.2","0.04928429","1.9","2.60072940","0.49978268","50","-6","0","0.0","1,2"
"85","0","long","282520","market","2021-04-20 23:56:00","56504.0","2021-04-20 23:56:00","market","2021-04-21 00:08:00","56405.0","2021-04-21 00:08:00","0.00000000","loss","-99.0","-0.00877582","-0.3","2.59195359","-0.00877582","-1","-1","0","0.0","1,2"
"86","1","short","284960","market","2021-04-21 00:09:00","56991.8","2021-04-21 00:09:00","market","2021-04-21 00:46:00","56319.0","2021-04-21 00:46:00","0.00000000","profit","672.8","0.05972919","2.3","2.65168278","0.05095337","5","-1","0","0.0","1,2"
"87","1","long","281200","market","2021-04-21 00:47:00","56239.5","2021-04-21 00:47:00","market","2021-04-21 01:35:00","55890.0","2021-04-21 01:35:00","0.00000000","loss","-349.5","-0.03126705","-1.2","2.62041572","0.01968632","2","-1","0","0.0","1,2"
"88","1","short","282370","market","2021-04-21 01:40:00","56474.7","2021-04-21 01:40:00","market","2021-04-21 03:12:00","56176.5","2021-04-21 03:12:00","0.00000000","profit","298.2","0.02653703","1.0","2.64695276","0.04622336","5","-1","0","0.0","1,2"
"89","1","long","280370","market","2021-04-21 03:19:00","56074.5","2021-04-21 03:19:00","market","2021-04-21 04:37:00","55512.0","2021-04-21 04:37:00","0.00000000","loss","-562.5","-0.05066427","-1.9","2.59628849","-0.00444091","0","-1","0","0.0","1,2"
"90","1","short","280400","market","2021-04-21 04:38:00","56080.8","2021-04-21 04:38:00","market","2021-04-21 05:11:00","55395.0","2021-04-21 05:11:00","0.00000000","profit","685.8","0.06189600","2.4","2.65818449","0.05745508","6","-1","0","0.0","1,2"
"91","1","long","277520","market","2021-04-21 05:12:00","55503.0","2021-04-21 05:12:00","market","2021-04-21 05:22:00","55429.0","2021-04-21 05:22:00","0.00000000","loss","-74.0","-0.00667533","-0.3","2.65150916","0.05077976","5","-1","0","0.0","1,2"
"92","1","short","279780","market","2021-04-21 05:23:00","55955.0","2021-04-21 05:23:00","market","2021-04-21 05:40:00","55357.5","2021-04-21 05:40:00","0.00000000","profit","597.5","0.05396925","2.0","2.70547841","0.10474901","10","-1","0","0.0","1,2"
"93","1","long","277030","market","2021-04-21 05:42:00","55406.5","2021-04-21 05:42:00","market","2021-04-21 06:16:00","55634.5","2021-04-21 06:16:00","0.00000000","profit","228.0","0.02049070","0.8","2.72596911","0.12523971","13","-1","0","0.0","1,2"
"94","1","short","280760","market","2021-04-21 06:18:00","56152.5","2021-04-21 06:18:00","market","2021-04-21 07:13:00","55382.0","2021-04-21 07:13:00","0.00000000","profit","770.5","0.06955858","2.6","2.79552769","0.19479828","19","-1","0","0.0","1,2"
"95","1","long","276900","market","2021-04-21 07:14:00","55380.5","2021-04-21 07:14:00","market","2021-04-21 07:27:00","55597.0","2021-04-21 07:27:00","0.00000000","profit","216.5","0.01947030","0.7","2.81499799","0.21426858","21","-1","0","0.0","1,2"
"96","1","short","280310","market","2021-04-21 07:28:00","56061.6","2021-04-21 07:28:00","market","2021-04-21 07:45:00","55304.5","2021-04-21 07:45:00","0.00000000","profit","757.1","0.06844568","2.4","2.88344367","0.28271427","28","-1","0","0.0","1,2"
"97","1","long","276960","market","2021-04-21 07:46:00","55392.0","2021-04-21 07:46:00","market","2021-04-21 08:30:00","55269.5","2021-04-21 08:30:00","0.00000000","loss","-122.5","-0.01108206","-0.4","2.87236161","0.27163221","27","-1","0","0.0","1,2"
"98","1","short","279030","market","2021-04-21 08:31:00","55806.5","2021-04-21 08:31:00","market","2021-04-21 10:14:00","55420.0","2021-04-21 10:14:00","0.00000000","profit","386.5","0.03487335","1.2","2.90723496","0.30650556","31","-1","0","0.0","1,2"
"99","1","long","277000","market","2021-04-21 10:15:00","55400.0","2021-04-21 10:15:00","market","2021-04-21 12:31:00","55286.5","2021-04-21 12:31:00","0.00000000","loss","-113.5","-0.01026471","-0.4","2.89697025","0.29624085","30","-1","0","0.0","1,2"
"100","1","short","279850","market","2021-04-21 12:33:00","55969.2","2021-04-21 12:33:00","market","2021-04-21 14:24:00","55380.0","2021-04-21 14:24:00","0.00000000","profit","589.2","0.05319239","1.8","2.95016265","0.34943324","35","-1","0","0.0","1,2"
"101","1","long","277270","market","2021-04-21 14:25:00","55453.5","2021-04-21 14:25:00","market","2021-04-21 14:42:00","56224.5","2021-04-21 14:42:00","0.00000000","profit","771.0","0.06856503","2.3","3.01872768","0.41799828","42","-1","0","0.0","1,2"
"102","1","short","283930","market","2021-04-21 14:43:00","56786.7","2021-04-21 14:43:00","market","2021-04-21 15:34:00","56100.5","2021-04-21 15:34:00","0.00000000","profit","686.2","0.06116131","2.0","3.07988899","0.47915958","48","-1","0","0.0","1,2"
"103","1","long","280640","market","2021-04-21 15:35:00","56128.0","2021-04-21 15:35:00","market","2021-04-21 16:07:00","56153.0","2021-04-21 16:07:00","0.00000000","profit","25.0","0.00222606","0.1","3.08211505","0.48138565","48","-1","0","0.0","1,2"
"104","1","short","284050","market","2021-04-21 16:10:00","56810.5","2021-04-21 16:10:00","market","2021-04-21 16:38:00","55791.0","2021-04-21 16:38:00","0.00000000","profit","1019.5","0.09136522","3.0","3.17348027","0.57275086","57","-1","0","0.0","1,2"
"105","1","long","279050","market","2021-04-21 16:39:00","55809.5","2021-04-21 16:39:00","market","2021-04-21 18:00:00","55595.0","2021-04-21 18:00:00","0.00000000","loss","-214.5","-0.01929148","-0.6","3.15418879","0.55345939","55","-1","0","0.0","1,2"
"106","1","short","280750","market","2021-04-21 18:01:00","56149.9","2021-04-21 18:01:00","market","2021-04-21 18:27:00","55450.5","2021-04-21 18:27:00","0.00000000","profit","699.4","0.06306893","2.0","3.21725772","0.61652832","62","-1","0","0.0","1,2"
"107","1","long","277280","market","2021-04-21 18:28:00","55456.5","2021-04-21 18:28:00","market","2021-04-21 19:11:00","55443.0","2021-04-21 19:11:00","0.00000000","loss","-13.5","-0.00121746","0.0","3.21604027","0.61531086","62","-1","0","0.0","1,2"
"108","1","short","279860","market","2021-04-21 19:12:00","55971.2","2021-04-21 19:12:00","market","2021-04-21 19:55:00","55580.5","2021-04-21 19:55:00","0.00000000","profit","390.7","0.03514504","1.1","3.25118531","0.65045590","65","-1","0","0.0","1,2"
"109","1","long","278040","market","2021-04-21 19:56:00","55608.0","2021-04-21 19:56:00","market","2021-04-21 20:39:00","55149.0","2021-04-21 20:39:00","0.00000000","loss","-459.0","-0.04161454","-1.3","3.20957077","0.60884137","61","-1","0","0.0","1,2"
"110","1","short","278160","market","2021-04-21 20:41:00","55632.8","2021-04-21 20:41:00","market","2021-04-21 20:50:00","55048.0","2021-04-21 20:50:00","0.00000000","profit","584.8","0.05311831","1.7","3.26268909","0.66195968","66","-1","0","0.0","1,2"
"111","1","long","275350","market","2021-04-21 20:51:00","55069.5","2021-04-21 20:51:00","market","2021-04-21 21:07:00","55039.5","2021-04-21 21:07:00","0.00000000","loss","-30.0","-0.00272534","-0.1","3.25996375","0.65923434","66","-1","0","0.0","1,2"
"112","1","short","277770","market","2021-04-21 21:08:00","55553.0","2021-04-21 21:08:00","market","2021-04-21 21:22:00","54886.5","2021-04-21 21:22:00","0.00000000","profit","666.5","0.06072000","1.9","3.32068374","0.71995434","72","-1","0","0.0","1,2"
"113","1","long","274880","market","2021-04-21 21:23:00","54976.5","2021-04-21 21:23:00","market","2021-04-21 21:38:00","55101.0","2021-04-21 21:38:00","0.00000000","profit","124.5","0.01129733","0.3","3.33198108","0.73125167","73","-1","0","0.0","1,2"
"114","1","short","278270","market","2021-04-21 21:39:00","55653.5","2021-04-21 21:39:00","market","2021-04-21 21:56:00","54971.0","2021-04-21 21:56:00","0.00000000","profit","682.5","0.06208099","1.9","3.39406207","0.79333266","79","-1","0","0.0","1,2"
"115","1","long","274620","market","2021-04-21 21:57:00","54923.5","2021-04-21 21:57:00","market","2021-04-21 22:23:00","54957.5","2021-04-21 22:23:00","0.00000000","profit","34.0","0.00309333","0.1","3.39715540","0.79642599","80","-1","0","0.0","1,2"
"116","1","short","277260","market","2021-04-21 22:24:00","55452.5","2021-04-21 22:24:00","market","2021-04-21 22:43:00","54034.5","2021-04-21 22:43:00","0.00000000","profit","1418.0","0.13121444","3.9","3.52836983","0.92764043","93","-1","0","0.0","1,2"
"117","1","long","270720","market","2021-04-21 22:44:00","54144.5","2021-04-21 22:44:00","market","2021-04-21 23:37:00","54216.0","2021-04-21 23:37:00","0.00000000","profit","71.5","0.00659393","0.2","3.53496377","0.93423436","93","-1","0","0.0","1,2"
"118","0","short","274040","market","2021-04-21 23:39:00","54808.2","2021-04-21 23:39:00","market","2021-04-22 00:01:00","53983.5","2021-04-22 00:01:00","0.00000000","profit","824.7","0.07638007","2.2","3.61134383","0.07638007","8","8","0","0.0","1,2"
"119","1","long","269980","market","2021-04-22 00:02:00","53996.5","2021-04-22 00:02:00","market","2021-04-22 00:33:00","54034.0","2021-04-22 00:33:00","0.00000000","profit","37.5","0.00347001","0.1","3.61481384","0.07985007","8","8","0","0.0","1,2"
"120","1","short","272840","market","2021-04-22 00:34:00","54568.8","2021-04-22 00:34:00","market","2021-04-22 01:44:00","54391.5","2021-04-22 01:44:00","0.00000000","profit","177.3","0.01629689","0.5","3.63111073","0.09614696","10","8","0","0.0","1,2"
"121","1","long","271860","market","2021-04-22 01:45:00","54373.0","2021-04-22 01:45:00","market","2021-04-22 02:36:00","53635.5","2021-04-22 02:36:00","0.00000000","loss","-737.5","-0.06874984","-1.9","3.56236089","0.02739712","3","3","0","0.0","1,2"
"122","1","short","270900","market","2021-04-22 02:37:00","54179.4","2021-04-22 02:37:00","market","2021-04-22 03:42:00","53730.0","2021-04-22 03:42:00","0.00000000","profit","449.4","0.04182344","1.2","3.60418433","0.06922056","7","3","0","0.0","1,2"
"123","1","long","268830","market","2021-04-22 03:43:00","53766.0","2021-04-22 03:43:00","market","2021-04-22 04:10:00","53793.0","2021-04-22 04:10:00","0.00000000","profit","27.0","0.00250962","0.1","3.60669395","0.07173018","7","3","0","0.0","1,2"
"124","1","short","272390","market","2021-04-22 04:11:00","54477.4","2021-04-22 04:11:00","market","2021-04-22 04:50:00","54018.5","2021-04-22 04:50:00","0.00000000","profit","458.9","0.04247482","1.2","3.64916877","0.11420500","11","3","0","0.0","1,2"
"125","1","long","270280","market","2021-04-22 04:51:00","54055.0","2021-04-22 04:51:00","market","2021-04-22 05:05:00","54215.5","2021-04-22 05:05:00","0.00000000","profit","160.5","0.01480231","0.4","3.66397108","0.12900732","13","3","0","0.0","1,2"
"126","1","short","273700","market","2021-04-22 05:06:00","54741.0","2021-04-22 05:06:00","market","2021-04-22 06:41:00","54627.5","2021-04-22 06:41:00","0.00000000","profit","113.5","0.01038744","0.3","3.67435852","0.13939475","14","3","0","0.0","1,2"
"127","1","long","273120","market","2021-04-22 06:42:00","54623.0","2021-04-22 06:42:00","market","2021-04-22 07:08:00","54546.5","2021-04-22 07:08:00","0.00000000","loss","-76.5","-0.00701249","-0.2","3.66734603","0.13238226","13","3","0","0.0","1,2"
"128","1","long","271280","market","2021-04-22 07:24:00","54256.5","2021-04-22 07:24:00","market","2021-04-22 07:40:00","54333.0","2021-04-22 07:40:00","0.00000000","profit","76.5","0.00703986","0.2","3.67438588","0.13942212","14","3","0","0.0","1,2"
"129","1","short","274370","market","2021-04-22 07:41:00","54874.3","2021-04-22 07:41:00","market","2021-04-22 07:59:00","54295.0","2021-04-22 07:59:00","0.00000000","profit","579.3","0.05334807","1.5","3.72773396","0.19277019","19","3","0","0.0","1,2"
"130","1","long","271270","market","2021-04-22 08:01:00","54254.0","2021-04-22 08:01:00","market","2021-04-22 09:30:00","53742.5","2021-04-22 09:30:00","0.00000000","loss","-511.5","-0.04758804","-1.3","3.68014592","0.14518215","15","3","0","0.0","1,2"
"131","1","short","271090","market","2021-04-22 09:31:00","54217.8","2021-04-22 09:31:00","market","2021-04-22 11:03:00","54011.5","2021-04-22 11:03:00","0.00000000","profit","206.3","0.01909878","0.5","3.69924470","0.16428093","16","3","0","0.0","1,2"
"132","1","long","270250","market","2021-04-22 11:04:00","54049.5","2021-04-22 11:04:00","market","2021-04-22 11:28:00","55075.5","2021-04-22 11:28:00","0.00000000","profit","1026.0","0.09314573","2.5","3.79239043","0.25742666","26","3","0","0.0","1,2"
"133","1","short","277760","market","2021-04-22 11:30:00","55551.5","2021-04-22 11:30:00","market","2021-04-22 11:53:00","54969.0","2021-04-22 11:53:00","0.00000000","profit","582.5","0.05298624","1.4","3.84537666","0.31041289","31","3","0","0.0","1,2"
"134","1","long","274480","market","2021-04-22 11:54:00","54896.5","2021-04-22 11:54:00","market","2021-04-22 12:41:00","55300.0","2021-04-22 12:41:00","0.00000000","profit","403.5","0.03648249","0.9","3.88185915","0.34689538","35","3","0","0.0","1,2"
"135","1","short","278880","market","2021-04-22 12:42:00","55776.2","2021-04-22 12:42:00","market","2021-04-22 13:14:00","54991.0","2021-04-22 13:14:00","0.00000000","profit","785.2","0.07139683","1.8","3.95325598","0.41829221","42","3","0","0.0","1,2"
"136","1","long","274920","market","2021-04-22 13:15:00","54985.0","2021-04-22 13:15:00","market","2021-04-22 13:32:00","55193.0","2021-04-22 13:32:00","0.00000000","profit","208.0","0.01884263","0.5","3.97209861","0.43713484","44","3","0","0.0","1,2"
"137","1","short","278580","market","2021-04-22 13:33:00","55715.6","2021-04-22 13:33:00","market","2021-04-22 13:49:00","54842.0","2021-04-22 13:49:00","0.00000000","profit","873.6","0.07965115","2.0","4.05174975","0.51678599","52","3","0","0.0","1,2"
"138","1","long","274320","market","2021-04-22 13:50:00","54864.5","2021-04-22 13:50:00","market","2021-04-22 14:58:00","54787.0","2021-04-22 14:58:00","0.00000000","loss","-77.5","-0.00707278","-0.2","4.04467697","0.50971321","51","3","0","0.0","1,2"
"139","1","short","276720","market","2021-04-22 14:59:00","55344.0","2021-04-22 14:59:00","market","2021-04-22 15:18:00","54566.5","2021-04-22 15:18:00","0.00000000","profit","777.5","0.07123973","1.8","4.11591671","0.58095294","58","3","0","0.0","1,2"
"140","1","long","272620","market","2021-04-22 15:19:00","54523.5","2021-04-22 15:19:00","market","2021-04-22 15:57:00","54670.0","2021-04-22 15:57:00","0.00000000","profit","146.5","0.01339870","0.3","4.12931540","0.59435163","59","3","0","0.0","1,2"
"141","1","short","275880","market","2021-04-22 16:02:00","55176.3","2021-04-22 16:02:00","market","2021-04-22 16:52:00","54994.5","2021-04-22 16:52:00","0.00000000","profit","181.8","0.01652884","0.4","4.14584424","0.61088047","61","3","0","0.0","1,2"
"142","1","long","275100","market","2021-04-22 16:53:00","55021.0","2021-04-22 16:53:00","market","2021-04-22 19:39:00","53239.5","2021-04-22 19:39:00","0.00000000","loss","-1781.5","-0.16730695","-4.0","3.97853729","0.44357352","44","3","0","0.0","1,2"
"143","1","short","268660","market","2021-04-22 19:40:00","53732.0","2021-04-22 19:40:00","market","2021-04-22 20:07:00","52599.0","2021-04-22 20:07:00","0.00000000","profit","1133.0","0.10770167","2.7","4.08623896","0.55127519","55","3","0","0.0","1,2"
"144","1","long","263600","market","2021-04-22 20:11:00","52721.0","2021-04-22 20:11:00","market","2021-04-22 21:30:00","51762.5","2021-04-22 21:30:00","0.00000000","loss","-958.5","-0.09258458","-2.3","3.99365438","0.45869062","46","3","0","0.0","1,2"
"145","1","short","260070","market","2021-04-22 21:31:00","52014.0","2021-04-22 21:31:00","market","2021-04-22 21:53:00","51339.5","2021-04-22 21:53:00","0.00000000","profit","674.5","0.06568920","1.6","4.05934358","0.52437982","52","3","0","0.0","1,2"
"146","1","long","257750","market","2021-04-22 21:54:00","51550.0","2021-04-22 21:54:00","market","2021-04-22 22:15:00","52172.5","2021-04-22 22:15:00","0.00000000","profit","622.5","0.05965787","1.5","4.11900145","0.58403768","58","3","0","0.0","1,2"
"147","1","short","263100","market","2021-04-22 22:16:00","52620.5","2021-04-22 22:16:00","market","2021-04-22 22:35:00","51932.0","2021-04-22 22:35:00","0.00000000","profit","688.5","0.06628750","1.6","4.18528895","0.65032518","65","3","0","0.0","1,2"
"148","1","long","259470","market","2021-04-22 22:36:00","51894.5","2021-04-22 22:36:00","market","2021-04-22 23:14:00","52032.0","2021-04-22 23:14:00","0.00000000","profit","137.5","0.01321290","0.3","4.19850185","0.66353808","66","3","0","0.0","1,2"
"149","1","short","262510","market","2021-04-22 23:15:00","52502.8","2021-04-22 23:15:00","market","2021-04-22 23:51:00","51817.5","2021-04-22 23:51:00","0.00000000","profit","685.3","0.06612816","1.6","4.26463001","0.72966624","73","3","0","0.0","1,2"
"150","0","long","259970","market","2021-04-22 23:52:00","51993.5","2021-04-22 23:52:00","market","2021-04-23 00:25:00","51963.0","2021-04-23 00:25:00","0.00000000","loss","-30.5","-0.00293481","-0.1","4.26169520","-0.00293481","0","0","0","0.0","1,2"
"151","1","short","262530","market","2021-04-23 00:26:00","52505.9","2021-04-23 00:26:00","market","2021-04-23 00:46:00","51784.0","2021-04-23 00:46:00","0.00000000","profit","721.9","0.06969932","1.6","4.33139452","0.06676451","7","0","0","0.0","1,2"
"152","1","long","259580","market","2021-04-23 00:47:00","51916.0","2021-04-23 00:47:00","market","2021-04-23 02:06:00","50947.5","2021-04-23 02:06:00","0.00000000","loss","-968.5","-0.09504882","-2.2","4.23634569","-0.02828431","-3","-3","0","0.0","1,2"
"153","1","short","257430","market","2021-04-23 02:07:00","51485.3","2021-04-23 02:07:00","market","2021-04-23 02:27:00","49323.5","2021-04-23 02:27:00","0.00000000","profit","2161.8","0.21914364","5.2","4.45548933","0.19085933","19","-3","0","0.0","1,2"
"154","1","long","246970","market","2021-04-23 02:28:00","49393.5","2021-04-23 02:28:00","market","2021-04-23 02:59:00","50001.5","2021-04-23 02:59:00","0.00000000","profit","608.0","0.06079879","1.4","4.51628813","0.25165812","25","-3","0","0.0","1,2"
"155","1","short","252490","market","2021-04-23 03:00:00","50498.0","2021-04-23 03:00:00","market","2021-04-23 03:24:00","49850.0","2021-04-23 03:24:00","0.00000000","profit","648.0","0.06499300","1.4","4.58128113","0.31665112","32","-3","0","0.0","1,2"
"156","1","long","249320","market","2021-04-23 03:28:00","49864.0","2021-04-23 03:28:00","market","2021-04-23 03:47:00","50205.0","2021-04-23 03:47:00","0.00000000","profit","341.0","0.03396076","0.7","4.61524189","0.35061189","35","-3","0","0.0","1,2"
"157","1","short","253580","market","2021-04-23 03:48:00","50715.1","2021-04-23 03:48:00","market","2021-04-23 04:16:00","49828.0","2021-04-23 04:16:00","0.00000000","profit","887.1","0.08902075","1.9","4.70426264","0.43963264","44","-3","0","0.0","1,2"
"158","1","long","249080","market","2021-04-23 04:17:00","49815.5","2021-04-23 04:17:00","market","2021-04-23 05:41:00","49598.0","2021-04-23 05:41:00","0.00000000","loss","-217.5","-0.02192651","-0.5","4.68233614","0.41770613","42","-3","0","0.0","1,2"
"159","1","short","250090","market","2021-04-23 05:42:00","50018.2","2021-04-23 05:42:00","market","2021-04-23 06:10:00","49399.5","2021-04-23 06:10:00","0.00000000","profit","618.7","0.06262484","1.3","4.74496098","0.48033097","48","-3","0","0.0","1,2"
"160","1","long","247430","market","2021-04-23 06:11:00","49486.0","2021-04-23 06:11:00","market","2021-04-23 06:49:00","48944.5","2021-04-23 06:49:00","0.00000000","loss","-541.5","-0.05531776","-1.2","4.68964322","0.42501321","43","-3","0","0.0","1,2"
"161","1","short","248390","market","2021-04-23 07:18:00","49678.4","2021-04-23 07:18:00","market","2021-04-23 07:41:00","48136.0","2021-04-23 07:41:00","0.00000000","profit","1542.4","0.16020792","3.4","4.84985114","0.58522113","59","-3","0","0.0","1,2"
"162","1","long","240380","market","2021-04-23 07:42:00","48076.0","2021-04-23 07:42:00","market","2021-04-23 08:38:00","48393.0","2021-04-23 08:38:00","0.00000000","profit","317.0","0.03275267","0.7","4.88260381","0.61797380","62","-3","0","0.0","1,2"
"163","1","short","243860","market","2021-04-23 08:42:00","48772.9","2021-04-23 08:42:00","market","2021-04-23 09:28:00","48327.5","2021-04-23 09:28:00","0.00000000","profit","445.4","0.04608057","0.9","4.92868438","0.66405438","66","-3","0","0.0","1,2"
"164","1","long","242100","market","2021-04-23 09:29:00","48420.5","2021-04-23 09:29:00","market","2021-04-23 10:19:00","49202.5","2021-04-23 10:19:00","0.00000000","profit","782.0","0.07946669","1.6","5.00815107","0.74352106","74","-3","0","0.0","1,2"
"165","1","short","249190","market","2021-04-23 10:20:00","49839.0","2021-04-23 10:20:00","market","2021-04-23 12:20:00","49981.0","2021-04-23 12:20:00","0.00000000","loss","-142.0","-0.01420963","-0.3","4.99394144","0.72931143","73","-3","0","0.0","1,2"
"166","1","long","250430","market","2021-04-23 12:21:00","50086.5","2021-04-23 12:21:00","market","2021-04-23 14:02:00","49120.0","2021-04-23 14:02:00","0.00000000","loss","-966.5","-0.09838053","-2.0","4.89556091","0.63093090","63","-3","0","0.0","1,2"
"167","1","short","247900","market","2021-04-23 14:03:00","49580.9","2021-04-23 14:03:00","market","2021-04-23 15:13:00","49340.5","2021-04-23 15:13:00","0.00000000","profit","240.4","0.02436088","0.5","4.91992179","0.65529179","66","-3","0","0.0","1,2"
"168","1","long","246790","market","2021-04-23 15:14:00","49358.0","2021-04-23 15:14:00","market","2021-04-23 15:43:00","49547.0","2021-04-23 15:43:00","0.00000000","profit","189.0","0.01907280","0.4","4.93899459","0.67436459","67","-3","0","0.0","1,2"
"169","1","short","250350","market","2021-04-23 15:44:00","50069.2","2021-04-23 15:44:00","market","2021-04-23 16:23:00","49742.5","2021-04-23 16:23:00","0.00000000","profit","326.7","0.03284314","0.7","4.97183773","0.70720773","71","-3","0","0.0","1,2"
"170","1","long","249050","market","2021-04-23 16:24:00","49809.5","2021-04-23 16:24:00","market","2021-04-23 16:56:00","49968.5","2021-04-23 16:56:00","0.00000000","profit","159.0","0.01591018","0.3","4.98774791","0.72311791","72","-3","0","0.0","1,2"
"171","1","short","252030","market","2021-04-23 16:57:00","50406.6","2021-04-23 16:57:00","market","2021-04-23 17:14:00","49725.5","2021-04-23 17:14:00","0.00000000","profit","681.1","0.06848269","1.4","5.05623061","0.79160060","79","-3","0","0.0","1,2"
"172","1","long","248560","market","2021-04-23 17:15:00","49711.0","2021-04-23 17:15:00","market","2021-04-23 17:30:00","50023.0","2021-04-23 17:30:00","0.00000000","profit","312.0","0.03118628","0.6","5.08741689","0.82278688","82","-3","0","0.0","1,2"
"173","1","short","252580","market","2021-04-23 17:31:00","50515.2","2021-04-23 17:31:00","market","2021-04-23 17:46:00","49961.5","2021-04-23 17:46:00","0.00000000","profit","553.7","0.05540860","1.1","5.14282549","0.87819548","88","-3","0","0.0","1,2"
"174","1","long","249750","market","2021-04-23 17:47:00","49950.5","2021-04-23 17:47:00","market","2021-04-23 18:42:00","50672.0","2021-04-23 18:42:00","0.00000000","profit","721.5","0.07119245","1.4","5.21401794","0.94938793","95","-3","0","0.0","1,2"
"175","1","short","256140","market","2021-04-23 18:44:00","51228.2","2021-04-23 18:44:00","market","2021-04-23 20:58:00","50624.0","2021-04-23 20:58:00","0.00000000","profit","604.2","0.05967600","1.1","5.27369393","1.00906393","101","-3","0","0.0","1,2"
"176","1","long","252880","market","2021-04-23 20:59:00","50575.5","2021-04-23 20:59:00","market","2021-04-23 21:19:00","50850.0","2021-04-23 21:19:00","0.00000000","profit","274.5","0.02699142","0.5","5.30068535","1.03605535","104","-3","0","0.0","1,2"
"177","1","short","255950","market","2021-04-23 21:20:00","51189.8","2021-04-23 21:20:00","market","2021-04-23 21:38:00","50622.0","2021-04-23 21:38:00","0.00000000","profit","567.8","0.05608549","1.1","5.35677084","1.09214083","109","-3","0","0.0","1,2"
"178","1","long","253360","market","2021-04-23 21:39:00","50672.0","2021-04-23 21:39:00","market","2021-04-23 22:12:00","50550.0","2021-04-23 22:12:00","0.00000000","loss","-122.0","-0.01206726","-0.2","5.34470358","1.08007357","108","-3","0","0.0","1,2"
"179","1","short","255190","market","2021-04-23 22:13:00","51038.3","2021-04-23 22:13:00","market","2021-04-23 22:27:00","50423.5","2021-04-23 22:27:00","0.00000000","profit","614.8","0.06096622","1.1","5.40566979","1.14103979","114","-3","0","0.0","1,2"
"180","1","long","252430","market","2021-04-23 22:28:00","50485.5","2021-04-23 22:28:00","market","2021-04-23 22:46:00","50601.0","2021-04-23 22:46:00","0.00000000","profit","115.5","0.01141293","0.2","5.41708272","1.15245272","115","-3","0","0.0","1,2"
"181","1","short","255250","market","2021-04-23 22:47:00","51051.0","2021-04-23 22:47:00","market","2021-04-23 23:01:00","50596.0","2021-04-23 23:01:00","0.00000000","profit","455.0","0.04495874","0.8","5.46204147","1.19741146","120","-3","0","0.0","1,2"
"182","0","short","255850","market","2021-04-23 23:11:00","51170.1","2021-04-23 23:11:00","market","2021-04-24 00:23:00","50402.0","2021-04-24 00:23:00","0.00000000","profit","768.1","0.07620064","1.4","5.53824211","0.07620064","8","8","0","0.0","1,2"
"183","1","long","252080","market","2021-04-24 00:24:00","50417.0","2021-04-24 00:24:00","market","2021-04-24 01:12:00","50043.0","2021-04-24 01:12:00","0.00000000","loss","-374.0","-0.03736712","-0.7","5.50087499","0.03883352","4","4","0","0.0","1,2"
"184","1","long","248500","market","2021-04-24 02:07:00","49699.5","2021-04-24 02:07:00","market","2021-04-24 02:39:00","49995.5","2021-04-24 02:39:00","0.00000000","profit","296.0","0.02960296","0.5","5.53047795","0.06843648","7","4","0","0.0","1,2"
"185","1","short","252290","market","2021-04-24 02:40:00","50458.6","2021-04-24 02:40:00","market","2021-04-24 03:58:00","50187.5","2021-04-24 03:58:00","0.00000000","profit","271.1","0.02700741","0.5","5.55748535","0.09544389","10","4","0","0.0","1,2"
"186","1","long","250800","market","2021-04-24 03:59:00","50159.0","2021-04-24 03:59:00","market","2021-04-24 04:21:00","50258.5","2021-04-24 04:21:00","0.00000000","profit","99.5","0.00989902","0.2","5.56738438","0.10534291","11","4","0","0.0","1,2"
"187","1","short","253710","market","2021-04-24 04:22:00","50742.4","2021-04-24 04:22:00","market","2021-04-24 05:15:00","50340.5","2021-04-24 05:15:00","0.00000000","profit","401.9","0.03991784","0.7","5.60730222","0.14526075","15","4","0","0.0","1,2"
"188","1","long","252160","market","2021-04-24 05:16:00","50432.0","2021-04-24 05:16:00","market","2021-04-24 05:56:00","50528.5","2021-04-24 05:56:00","0.00000000","profit","96.5","0.00954907","0.2","5.61685128","0.15480982","15","4","0","0.0","1,2"
"189","1","short","255040","market","2021-04-24 05:57:00","51008.0","2021-04-24 05:57:00","market","2021-04-24 06:40:00","50317.0","2021-04-24 06:40:00","0.00000000","profit","691.0","0.06866761","1.2","5.68551889","0.22347743","22","4","0","0.0","1,2"
"190","1","long","251620","market","2021-04-24 06:41:00","50325.0","2021-04-24 06:41:00","market","2021-04-24 08:26:00","50094.5","2021-04-24 08:26:00","0.00000000","loss","-230.5","-0.02300606","-0.4","5.66251283","0.20047136","20","4","0","0.0","1,2"
"191","1","short","252990","market","2021-04-24 08:27:00","50598.5","2021-04-24 08:27:00","market","2021-04-24 09:04:00","49766.0","2021-04-24 09:04:00","0.00000000","profit","832.5","0.08363815","1.5","5.74615098","0.28410951","28","4","0","0.0","1,2"
"192","1","long","248320","market","2021-04-24 09:06:00","49665.0","2021-04-24 09:06:00","market","2021-04-24 09:50:00","49846.5","2021-04-24 09:50:00","0.00000000","profit","181.5","0.01820553","0.3","5.76435650","0.30231504","30","4","0","0.0","1,2"
"193","1","short","251630","market","2021-04-24 09:51:00","50326.8","2021-04-24 09:51:00","market","2021-04-24 10:09:00","49491.0","2021-04-24 10:09:00","0.00000000","profit","835.8","0.08443676","1.5","5.84879326","0.38675180","39","4","0","0.0","1,2"
"194","1","long","246360","market","2021-04-24 10:13:00","49272.0","2021-04-24 10:13:00","market","2021-04-24 11:30:00","49410.0","2021-04-24 11:30:00","0.00000000","profit","138.0","0.01396478","0.2","5.86275805","0.40071658","40","4","0","0.0","1,2"
"195","1","short","249890","market","2021-04-24 11:33:00","49977.3","2021-04-24 11:33:00","market","2021-04-24 11:54:00","48993.5","2021-04-24 11:54:00","0.00000000","profit","983.8","0.10040498","1.7","5.96316303","0.50112156","50","4","0","0.0","1,2"
"196","1","long","244580","market","2021-04-24 11:55:00","48917.0","2021-04-24 11:55:00","market","2021-04-24 12:14:00","49360.5","2021-04-24 12:14:00","0.00000000","profit","443.5","0.04492367","0.8","6.00808670","0.54604523","55","4","0","0.0","1,2"
"197","1","short","249300","market","2021-04-24 12:15:00","49860.7","2021-04-24 12:15:00","market","2021-04-24 13:06:00","49650.5","2021-04-24 13:06:00","0.00000000","profit","210.2","0.02116466","0.4","6.02925135","0.56720989","57","4","0","0.0","1,2"
"198","1","long","247680","market","2021-04-24 13:10:00","49536.0","2021-04-24 13:10:00","market","2021-04-24 13:27:00","49680.0","2021-04-24 13:27:00","0.00000000","profit","144.0","0.01449275","0.2","6.04374411","0.58170264","58","4","0","0.0","1,2"
"199","1","short","250860","market","2021-04-24 13:28:00","50171.8","2021-04-24 13:28:00","market","2021-04-24 13:55:00","49602.5","2021-04-24 13:55:00","0.00000000","profit","569.3","0.05738147","0.9","6.10112557","0.63908411","64","4","0","0.0","1,2"
"200","1","long","246890","market","2021-04-24 14:10:00","49378.5","2021-04-24 14:10:00","market","2021-04-24 14:37:00","49439.5","2021-04-24 14:37:00","0.00000000","profit","61.0","0.00616909","0.1","6.10729467","0.64525320","65","4","0","0.0","1,2"
"201","1","short","249690","market","2021-04-24 14:38:00","49938.4","2021-04-24 14:38:00","market","2021-04-24 15:11:00","49153.0","2021-04-24 15:11:00","0.00000000","profit","785.4","0.07989676","1.3","6.18719143","0.72514996","73","4","0","0.0","1,2"
"202","1","long","245860","market","2021-04-24 15:12:00","49172.5","2021-04-24 15:12:00","market","2021-04-24 15:35:00","49991.5","2021-04-24 15:35:00","0.00000000","profit","819.0","0.08191309","1.3","6.26910452","0.80706305","81","4","0","0.0","1,2"
"203","1","short","252200","market","2021-04-24 15:36:00","50439.4","2021-04-24 15:36:00","market","2021-04-24 16:16:00","50064.5","2021-04-24 16:16:00","0.00000000","profit","374.9","0.03744215","0.6","6.30654667","0.84450520","84","4","0","0.0","1,2"
"204","1","long","250500","market","2021-04-24 16:17:00","50100.5","2021-04-24 16:17:00","market","2021-04-24 17:36:00","49931.5","2021-04-24 17:36:00","0.00000000","loss","-169.0","-0.01692302","-0.3","6.28962365","0.82758218","83","4","0","0.0","1,2"
"205","1","short","252280","market","2021-04-24 17:37:00","50456.6","2021-04-24 17:37:00","market","2021-04-24 19:54:00","50713.0","2021-04-24 19:54:00","0.00000000","loss","-256.4","-0.02528219","-0.4","6.26434146","0.80230000","80","4","0","0.0","1,2"
"206","1","long","253630","market","2021-04-24 19:56:00","50725.5","2021-04-24 19:56:00","market","2021-04-24 20:38:00","50918.0","2021-04-24 20:38:00","0.00000000","profit","192.5","0.01890313","0.3","6.28324459","0.82120313","82","4","0","0.0","1,2"
"207","1","short","257180","market","2021-04-24 20:39:00","51435.3","2021-04-24 20:39:00","market","2021-04-24 21:20:00","50833.5","2021-04-24 21:20:00","0.00000000","profit","601.8","0.05919017","0.9","6.34243476","0.88039329","88","4","0","0.0","1,2"
"208","1","long","254290","market","2021-04-24 21:21:00","50858.5","2021-04-24 21:21:00","market","2021-04-24 21:39:00","50905.0","2021-04-24 21:39:00","0.00000000","profit","46.5","0.00456729","0.1","6.34700204","0.88496058","88","4","0","0.0","1,2"
"209","1","short","257160","market","2021-04-24 21:46:00","51432.7","2021-04-24 21:46:00","market","2021-04-24 22:16:00","50782.0","2021-04-24 22:16:00","0.00000000","profit","650.7","0.06407051","1.0","6.41107255","0.94903109","95","4","0","0.0","1,2"
"210","1","long","253830","market","2021-04-24 22:17:00","50765.5","2021-04-24 22:17:00","market","2021-04-24 22:43:00","50671.0","2021-04-24 22:43:00","0.00000000","loss","-94.5","-0.00932495","-0.1","6.40174760","0.93970613","94","4","0","0.0","1,2"
"211","1","short","255880","market","2021-04-24 22:44:00","51176.7","2021-04-24 22:44:00","market","2021-04-24 23:05:00","50445.0","2021-04-24 23:05:00","0.00000000","profit","731.7","0.07252354","1.1","6.47427114","1.01222967","101","4","0","0.0","1,2"
"212","0","long","252230","market","2021-04-24 23:06:00","50446.5","2021-04-24 23:06:00","market","2021-04-25 00:20:00","50239.5","2021-04-25 00:20:00","0.00000000","loss","-207.0","-0.02060112","-0.3","6.45367002","-0.02060112","-2","-2","0","0.0","1,2"
"213","1","short","253880","market","2021-04-25 00:21:00","50776.7","2021-04-25 00:21:00","market","2021-04-25 00:37:00","50068.0","2021-04-25 00:37:00","0.00000000","profit","708.7","0.07077671","1.1","6.52444673","0.05017560","5","-2","0","0.0","1,2"
"214","1","long","249950","market","2021-04-25 00:41:00","49990.0","2021-04-25 00:41:00","market","2021-04-25 01:33:00","50249.0","2021-04-25 01:33:00","0.00000000","profit","259.0","0.02577166","0.4","6.55021839","0.07594725","8","-2","0","0.0","1,2"
"215","1","short","253510","market","2021-04-25 01:34:00","50702.0","2021-04-25 01:34:00","market","2021-04-25 02:52:00","50231.0","2021-04-25 02:52:00","0.00000000","profit","471.0","0.04688340","0.7","6.59710179","0.12283065","12","-2","0","0.0","1,2"
"216","1","long","251130","market","2021-04-25 02:53:00","50226.5","2021-04-25 02:53:00","market","2021-04-25 05:07:00","49719.0","2021-04-25 05:07:00","0.00000000","loss","-507.5","-0.05103632","-0.8","6.54606547","0.07179433","7","-2","0","0.0","1,2"
"217","1","short","251070","market","2021-04-25 05:08:00","50214.2","2021-04-25 05:08:00","market","2021-04-25 05:52:00","49799.5","2021-04-25 05:52:00","0.00000000","profit","414.7","0.04163381","0.6","6.58769928","0.11342814","11","-2","0","0.0","1,2"
"218","1","long","249040","market","2021-04-25 05:54:00","49808.5","2021-04-25 05:54:00","market","2021-04-25 06:13:00","49866.0","2021-04-25 06:13:00","0.00000000","profit","57.5","0.00576539","0.1","6.59346468","0.11919354","12","-2","0","0.0","1,2"
"219","1","short","251750","market","2021-04-25 06:15:00","50349.0","2021-04-25 06:15:00","market","2021-04-25 06:30:00","49668.0","2021-04-25 06:30:00","0.00000000","profit","681.0","0.06855706","1.0","6.66202174","0.18775060","19","-2","0","0.0","1,2"
"220","1","long","248400","market","2021-04-25 06:31:00","49679.5","2021-04-25 06:31:00","market","2021-04-25 07:50:00","49687.0","2021-04-25 07:50:00","0.00000000","profit","7.5","0.00075473","0.0","6.66277647","0.18850533","19","-2","0","0.0","1,2"
"221","1","short","250940","market","2021-04-25 07:52:00","50187.9","2021-04-25 07:52:00","market","2021-04-25 09:17:00","49809.5","2021-04-25 09:17:00","0.00000000","profit","378.4","0.03798579","0.6","6.70076227","0.22649113","23","-2","0","0.0","1,2"
"222","1","long","248980","market","2021-04-25 09:19:00","49797.0","2021-04-25 09:19:00","market","2021-04-25 09:59:00","49526.0","2021-04-25 09:59:00","0.00000000","loss","-271.0","-0.02735882","-0.4","6.67340345","0.19913231","20","-2","0","0.0","1,2"
"223","1","short","251480","market","2021-04-25 10:21:00","50295.5","2021-04-25 10:21:00","market","2021-04-25 10:43:00","49448.0","2021-04-25 10:43:00","0.00000000","profit","847.5","0.08569445","1.3","6.75909790","0.28482676","28","-2","0","0.0","1,2"
"224","1","long","247390","market","2021-04-25 10:45:00","49477.5","2021-04-25 10:45:00","market","2021-04-25 11:22:00","49478.0","2021-04-25 11:22:00","0.00000000","profit","0.5","0.00005053","0.0","6.75914843","0.28487729","28","-2","0","0.0","1,2"
"225","1","short","249890","market","2021-04-25 11:23:00","49977.8","2021-04-25 11:23:00","market","2021-04-25 11:44:00","49447.5","2021-04-25 11:44:00","0.00000000","profit","530.3","0.05362574","0.8","6.81277417","0.33850303","34","-2","0","0.0","1,2"
"226","1","long","247340","market","2021-04-25 11:45:00","49467.0","2021-04-25 11:45:00","market","2021-04-25 12:00:00","49596.5","2021-04-25 12:00:00","0.00000000","profit","129.5","0.01305562","0.2","6.82582979","0.35155866","35","-2","0","0.0","1,2"
"227","1","short","250390","market","2021-04-25 12:02:00","50077.3","2021-04-25 12:02:00","market","2021-04-25 12:38:00","49694.5","2021-04-25 12:38:00","0.00000000","profit","382.8","0.03851736","0.6","6.86434716","0.39007602","39","-2","0","0.0","1,2"
"228","1","long","248460","market","2021-04-25 12:39:00","49691.5","2021-04-25 12:39:00","market","2021-04-25 12:59:00","49916.0","2021-04-25 12:59:00","0.00000000","profit","224.5","0.02248801","0.3","6.88683516","0.41256403","41","-2","0","0.0","1,2"
"229","1","short","251960","market","2021-04-25 13:00:00","50391.4","2021-04-25 13:00:00","market","2021-04-25 13:36:00","49912.5","2021-04-25 13:36:00","0.00000000","profit","478.9","0.04797701","0.7","6.93481217","0.46054103","46","-2","0","0.0","1,2"
"230","1","long","249530","market","2021-04-25 13:37:00","49905.5","2021-04-25 13:37:00","market","2021-04-25 14:41:00","50292.0","2021-04-25 14:41:00","0.00000000","profit","386.5","0.03842598","0.6","6.97323815","0.49896701","50","-2","0","0.0","1,2"
"231","1","short","254080","market","2021-04-25 14:42:00","50816.1","2021-04-25 14:42:00","market","2021-04-25 15:43:00","50393.0","2021-04-25 15:43:00","0.00000000","profit","423.1","0.04198291","0.6","7.01522106","0.54094992","54","-2","0","0.0","1,2"
"232","1","long","250980","market","2021-04-25 16:12:00","50196.5","2021-04-25 16:12:00","market","2021-04-25 16:29:00","50259.5","2021-04-25 16:29:00","0.00000000","profit","63.0","0.00626741","0.1","7.02148847","0.54721733","55","-2","0","0.0","1,2"
"233","1","short","254370","market","2021-04-25 17:02:00","50874.2","2021-04-25 17:02:00","market","2021-04-25 17:25:00","49963.5","2021-04-25 17:25:00","0.00000000","profit","910.7","0.09113666","1.3","7.11262513","0.63835399","64","-2","0","0.0","1,2"
"234","1","long","249960","market","2021-04-25 17:26:00","49993.0","2021-04-25 17:26:00","market","2021-04-25 18:52:00","49708.5","2021-04-25 18:52:00","0.00000000","loss","-284.5","-0.02861626","-0.4","7.08400886","0.60973773","61","-2","0","0.0","1,2"
"235","1","short","251090","market","2021-04-25 18:58:00","50218.2","2021-04-25 18:58:00","market","2021-04-25 19:33:00","49575.5","2021-04-25 19:33:00","0.00000000","profit","642.7","0.06482106","0.9","7.14882993","0.67455879","67","-2","0","0.0","1,2"
"236","1","long","248330","market","2021-04-25 19:34:00","49666.0","2021-04-25 19:34:00","market","2021-04-25 22:08:00","48043.0","2021-04-25 22:08:00","0.00000000","loss","-1623.0","-0.16891118","-2.4","6.97991874","0.50564760","51","-2","0","0.0","1,2"
